﻿<?xml version="1.0" encoding="utf-8" standalone="no"?>
<manifest xmlns:android="http://schemas.android.com/apk/res/android" android:installLocation="auto">
  <application android:label="@string/app_name" 
               android:icon="@mipmap/app_icon" 
               android:allowBackup="false">
    <activity android:theme="@android:style/Theme.Black.NoTitleBar.Fullscreen" 
              android:configChanges="locale|fontScale|keyboard|keyboardHidden|mcc|mnc|navigation|orientation|screenLayout|screenSize|smallestScreenSize|touchscreen|uiMode" 
              android:launchMode="singleTask" 
              android:name="com.unity3d.player.UnityPlayerActivity">
      <intent-filter>
        <action android:name="android.intent.action.MAIN" />
        <category android:name="android.intent.category.LAUNCHER" />
      </intent-filter>
    </activity>
  </application>
</manifest>